0.0,0.0,0.0,0.0
-1.2199999999999989,-1.8299999999999983,-2.4399999999999977,-4.890000000000001
-2.4399999999999977,-3.0600000000000023,-4.269999999999996,-8.549999999999997
-4.27000000000001,-3.0600000000000023,-5.489999999999995,-9.769999999999996
-3.6599999999999966,-3.0600000000000023,-6.099999999999994,-11.61
-4.27000000000001,-3.6700000000000017,-6.709999999999994,-12.219999999999999
-4.27000000000001,-3.6700000000000017,-7.319999999999993,-13.439999999999998
-4.8799999999999955,-4.280000000000001,-7.929999999999993,-14.049999999999997
-4.8799999999999955,-4.890000000000001,-7.929999999999993,-14.659999999999997
-5.490000000000009,-4.280000000000001,-8.539999999999992,-14.659999999999997
-6.099999999999994,-4.890000000000001,-8.539999999999992,-14.659999999999997
-6.099999999999994,-4.890000000000001,-9.149999999999991,-15.269999999999996
-5.490000000000009,-4.280000000000001,-9.149999999999991,-15.879999999999995
-4.8799999999999955,-4.280000000000001,-7.929999999999993,-15.879999999999995
-4.8799999999999955,-4.280000000000001,-8.539999999999992,-15.269999999999996
-4.8799999999999955,-4.890000000000001,-8.539999999999992,-16.489999999999995
-4.8799999999999955,-4.890000000000001,-8.539999999999992,-15.269999999999996
-4.27000000000001,-4.280000000000001,-7.929999999999993,-15.269999999999996
-3.6599999999999966,-3.6700000000000017,-7.929999999999993,-15.269999999999996
-3.0500000000000114,-3.6700000000000017,-7.319999999999993,-15.269999999999996
-3.0500000000000114,-3.6700000000000017,-7.319999999999993,-15.269999999999996
-2.4399999999999977,-3.6700000000000017,-7.319999999999993,-14.659999999999997
-1.8300000000000125,-2.4399999999999977,-7.319999999999993,-14.659999999999997
-1.2199999999999989,-1.8299999999999983,-5.489999999999995,-14.049999999999997
-0.6100000000000136,-1.8299999999999983,-5.489999999999995,-14.049999999999997
0.0,-1.2199999999999989,-5.489999999999995,-12.829999999999998
1.2299999999999898,-0.6099999999999994,-4.269999999999996,-12.829999999999998
1.8399999999999892,0.0,-3.6599999999999966,-12.219999999999999
2.4499999999999886,0.6099999999999994,-3.049999999999997,-12.219999999999999
4.280000000000001,1.2199999999999989,-1.8299999999999983,-11.0
5.5,1.8299999999999983,-1.2199999999999989,-10.39
7.939999999999998,3.049999999999997,0.0,-9.769999999999996
9.159999999999997,3.6599999999999966,0.6200000000000045,-8.549999999999997
11.0,4.880000000000003,1.8400000000000034,-7.939999999999998
14.049999999999997,5.490000000000002,3.6700000000000017,-7.329999999999998
16.489999999999995,6.100000000000001,4.890000000000001,-5.5
19.539999999999992,6.719999999999999,6.719999999999999,-4.280000000000001
22.599999999999994,7.939999999999998,8.549999999999997,-3.0600000000000023
25.64999999999999,7.939999999999998,10.39,-1.8400000000000034
28.69999999999999,9.770000000000003,12.829999999999998,0.0
32.36999999999999,10.380000000000003,15.88000000000001,1.8299999999999983
34.81,11.600000000000001,18.939999999999998,4.88000000000001
37.25,12.21,21.99000000000001,7.930000000000007
40.31,12.82,25.040000000000006,10.990000000000009
42.75,14.04,28.090000000000003,14.040000000000006
44.58,15.259999999999998,31.150000000000006,17.700000000000003
46.41,15.870000000000005,33.59,20.760000000000005
47.629999999999995,16.490000000000002,36.03,23.810000000000002
49.47,17.71,38.480000000000004,26.25
51.3,18.32,40.31,28.090000000000003
52.519999999999996,18.32,42.14,29.92
53.739999999999995,19.54,43.36,32.36
54.349999999999994,19.54,44.580000000000005,33.58
55.56999999999999,20.759999999999998,46.410000000000004,35.410000000000004
56.78999999999999,20.15,47.03,36.02
57.41,20.759999999999998,48.25,37.86
58.629999999999995,21.370000000000005,49.470000000000006,38.470000000000006
59.849999999999994,21.980000000000004,50.690000000000005,39.690000000000005
60.459999999999994,22.590000000000003,51.300000000000004,40.910000000000004
61.06999999999999,22.590000000000003,52.52,42.13
61.67999999999999,23.200000000000003,53.13,43.35
62.89999999999999,23.200000000000003,54.35,43.96
63.50999999999999,23.810000000000002,54.96,43.96
64.12,23.810000000000002,55.57,45.18
64.72999999999999,23.810000000000002,56.18000000000001,45.790000000000006
64.12,23.810000000000002,56.800000000000004,46.410000000000004
65.34,23.810000000000002,57.410000000000004,47.02
65.34,24.42,57.410000000000004,47.63
65.94999999999999,25.03,58.02,48.24
65.94999999999999,25.03,58.63,48.85
65.94999999999999,25.03,59.24,49.46
66.57,25.03,59.24,49.46
66.57,25.65,59.85,50.68
66.57,25.03,59.85,50.07
66.57,24.42,59.85,50.68
67.17999999999999,25.65,60.46,51.900000000000006
67.17999999999999,25.65,60.46,51.900000000000006
66.57,25.65,60.46,51.900000000000006
67.17999999999999,25.03,60.46,51.900000000000006
67.17999999999999,25.65,61.07,52.510000000000005
67.17999999999999,25.65,61.07,53.120000000000005
67.78999999999999,25.65,61.07,53.120000000000005
67.17999999999999,25.65,61.07,53.120000000000005
67.17999999999999,26.259999999999998,61.07,53.730000000000004
67.17999999999999,26.259999999999998,61.68000000000001,53.120000000000005
66.57,25.65,61.68000000000001,53.730000000000004
67.17999999999999,25.65,61.68000000000001,53.730000000000004
66.57,25.65,61.68000000000001,53.730000000000004
66.57,25.65,61.07,53.730000000000004
66.57,25.03,61.68000000000001,54.34
65.94999999999999,25.65,61.68000000000001,54.34
65.94999999999999,25.03,61.68000000000001,54.34
65.94999999999999,25.03,61.68000000000001,54.95
65.94999999999999,25.03,61.68000000000001,54.34
65.34,25.03,61.68000000000001,54.34
65.94999999999999,25.65,61.68000000000001,54.34
65.34,25.03,61.68000000000001,54.95
65.34,23.810000000000002,61.07,53.730000000000004
64.72999999999999,24.42,61.68000000000001,54.34
64.72999999999999,24.42,61.68000000000001,54.34
64.72999999999999,24.42,61.07,54.34
64.12,24.42,61.68000000000001,54.34
64.12,24.42,61.68000000000001,53.730000000000004
64.12,23.810000000000002,61.07,54.34
63.50999999999999,23.200000000000003,61.07,53.730000000000004
62.89999999999999,22.590000000000003,60.46,53.730000000000004
62.89999999999999,22.590000000000003,61.07,53.730000000000004
62.28999999999999,22.590000000000003,61.07,54.34
62.89999999999999,22.590000000000003,61.07,53.730000000000004
61.67999999999999,22.590000000000003,60.46,53.730000000000004
61.67999999999999,21.980000000000004,60.46,53.730000000000004
61.67999999999999,22.590000000000003,60.46,53.730000000000004
61.67999999999999,21.980000000000004,60.46,53.730000000000004
61.67999999999999,21.980000000000004,59.85,53.120000000000005
61.67999999999999,21.980000000000004,59.85,53.120000000000005
61.06999999999999,21.980000000000004,59.85,53.120000000000005
61.06999999999999,21.980000000000004,59.85,52.510000000000005
61.06999999999999,21.370000000000005,59.85,52.510000000000005
60.459999999999994,21.370000000000005,59.85,52.510000000000005
59.849999999999994,21.980000000000004,59.24,52.510000000000005
59.849999999999994,21.370000000000005,59.24,51.900000000000006
59.849999999999994,21.370000000000005,58.63,51.900000000000006
58.629999999999995,20.759999999999998,58.63,51.900000000000006
59.239999999999995,21.370000000000005,59.24,51.290000000000006
58.629999999999995,20.759999999999998,58.63,51.900000000000006
59.239999999999995,20.759999999999998,58.63,51.290000000000006
58.629999999999995,21.370000000000005,58.63,51.290000000000006
58.019999999999996,20.759999999999998,58.63,51.290000000000006
58.019999999999996,20.759999999999998,58.02,51.290000000000006
57.41,20.759999999999998,58.02,51.290000000000006
57.41,20.15,58.02,50.68
56.78999999999999,20.759999999999998,57.410000000000004,50.68
56.78999999999999,20.15,57.410000000000004,50.07
56.78999999999999,20.759999999999998,57.410000000000004,50.68
56.17999999999999,20.15,56.800000000000004,50.07
56.17999999999999,19.54,56.800000000000004,50.07
56.17999999999999,20.15,56.800000000000004,50.07
55.56999999999999,19.54,56.18000000000001,49.46
55.56999999999999,20.15,56.800000000000004,49.46
54.959999999999994,19.54,56.18000000000001,49.46
54.959999999999994,19.54,55.57,48.85
54.959999999999994,19.54,56.18000000000001,48.85
54.959999999999994,20.15,55.57,48.24
54.349999999999994,19.54,55.57,48.24
54.349999999999994,19.54,55.57,48.24
54.349999999999994,19.54,55.57,47.63
53.739999999999995,19.54,54.96,48.24
53.739999999999995,18.93,54.96,47.63
53.129999999999995,18.93,54.35,47.63
53.129999999999995,18.93,54.35,47.02
53.129999999999995,19.54,53.74,47.02
53.129999999999995,18.32,54.35,47.02
52.519999999999996,18.32,54.35,47.02
52.519999999999996,18.32,53.74,46.410000000000004
51.3,18.32,53.74,46.410000000000004
51.91,18.32,53.13,45.790000000000006
49.47,18.32,53.13,46.410000000000004
48.86,18.32,53.74,45.790000000000006
48.86,18.32,53.13,45.790000000000006
48.86,18.32,53.13,45.790000000000006
48.86,17.71,52.52,45.18
48.25,18.32,52.52,45.18
48.25,18.32,51.910000000000004,45.18
47.629999999999995,18.32,51.300000000000004,44.57
47.629999999999995,18.32,51.910000000000004,44.57
47.629999999999995,18.32,51.910000000000004,44.57
47.629999999999995,18.93,51.910000000000004,44.57
47.019999999999996,18.32,50.690000000000005,44.57
47.019999999999996,18.32,51.300000000000004,43.96
47.019999999999996,18.32,51.300000000000004,43.96
47.019999999999996,18.32,51.300000000000004,43.96
47.019999999999996,18.93,50.690000000000005,43.96
46.41,18.32,50.080000000000005,43.35
46.41,18.32,50.080000000000005,42.74
46.41,18.32,49.470000000000006,42.74
46.41,18.32,49.470000000000006,42.74
46.41,18.93,50.080000000000005,42.74
45.19,18.32,49.470000000000006,42.74
45.19,18.32,48.86000000000001,42.74
45.8,18.32,48.86000000000001,42.13
45.8,18.93,48.86000000000001,42.13
45.8,18.32,48.86000000000001,41.52
45.19,18.93,48.86000000000001,42.13
45.19,18.32,48.25,42.13
44.58,18.93,48.25,40.910000000000004
45.19,18.93,48.25,40.910000000000004
45.19,18.93,48.25,40.910000000000004
44.58,18.93,48.25,40.910000000000004
44.58,19.54,48.25,40.910000000000004
44.58,18.93,47.64,40.300000000000004
43.97,18.93,47.64,40.910000000000004
44.58,19.54,47.64,40.300000000000004
44.58,18.93,47.03,40.300000000000004
43.97,19.54,47.64,40.300000000000004
43.97,19.54,47.64,40.300000000000004
43.97,19.54,47.03,39.690000000000005
43.97,19.54,47.03,39.690000000000005
43.36,18.93,46.410000000000004,39.690000000000005
43.97,19.54,47.03,39.690000000000005
43.97,19.54,46.410000000000004,39.690000000000005
43.97,19.54,47.03,39.690000000000005
43.97,20.15,46.410000000000004,39.080000000000005
43.36,20.15,45.800000000000004,39.080000000000005
43.36,19.54,45.800000000000004,39.080000000000005
43.36,20.15,45.800000000000004,39.080000000000005
42.75,19.54,45.190000000000005,38.470000000000006
42.75,20.15,44.580000000000005,39.080000000000005
43.36,20.15,43.97,38.470000000000006
43.36,20.15,43.97,38.470000000000006
43.36,20.759999999999998,43.97,38.470000000000006
43.36,20.759999999999998,44.580000000000005,38.470000000000006
42.75,20.759999999999998,43.97,37.86
42.75,20.759999999999998,43.97,37.86
43.36,21.370000000000005,44.580000000000005,36.64
43.36,21.370000000000005,43.97,36.64
42.75,21.370000000000005,43.97,36.02
42.75,21.370000000000005,43.36,36.64
42.14,21.370000000000005,43.36,36.64
42.75,21.370000000000005,43.36,37.25
42.75,21.980000000000004,43.36,36.64
42.75,21.370000000000005,43.36,37.25
42.75,21.370000000000005,43.36,36.64
42.75,21.980000000000004,43.36,36.64
42.75,21.980000000000004,43.36,36.64
42.75,21.980000000000004,43.36,36.64
42.14,21.980000000000004,43.36,37.25
42.14,22.590000000000003,42.75,37.25
41.53,21.980000000000004,42.75,36.64
42.14,22.590000000000003,42.14,36.64
41.53,21.980000000000004,41.53,36.64
42.14,22.590000000000003,42.14,36.64
42.14,23.200000000000003,42.14,36.64
42.14,22.590000000000003,41.53,36.02
42.14,23.200000000000003,41.53,36.02
41.53,22.590000000000003,41.53,36.64
42.14,23.200000000000003,42.14,36.64
41.53,22.590000000000003,41.53,36.02
41.53,23.200000000000003,41.53,36.02
41.53,23.200000000000003,41.53,36.02
41.53,23.200000000000003,41.53,36.02
42.14,23.810000000000002,41.53,36.02
42.14,23.810000000000002,41.53,36.02
42.14,23.200000000000003,40.92,36.02
41.53,22.590000000000003,40.31,36.02
41.53,23.810000000000002,40.92,36.02
41.53,23.810000000000002,40.31,36.02
41.53,23.810000000000002,40.92,36.02
41.53,23.810000000000002,40.92,36.02
41.53,23.810000000000002,40.92,35.410000000000004
41.53,23.810000000000002,40.31,35.410000000000004
41.53,23.810000000000002,40.31,36.02
40.92,23.810000000000002,40.92,36.02
40.92,24.42,40.31,35.410000000000004
40.92,24.42,40.31,35.410000000000004
41.53,25.03,40.31,35.410000000000004
40.92,25.03,40.31,35.410000000000004
40.31,24.42,39.7,35.410000000000004
40.92,25.03,40.31,35.410000000000004
40.92,25.03,40.31,35.410000000000004
40.92,25.03,40.31,35.410000000000004
40.92,24.42,40.31,35.410000000000004
40.92,25.03,40.31,35.410000000000004
40.31,24.42,39.7,35.410000000000004
40.92,25.65,40.31,35.410000000000004
40.92,25.03,40.31,35.410000000000004
40.31,25.03,40.31,36.02
40.31,25.65,39.7,35.410000000000004
40.92,25.65,40.31,35.410000000000004
40.31,25.03,39.7,35.410000000000004
40.31,25.65,40.31,35.410000000000004
40.92,25.65,40.31,35.410000000000004
40.92,25.03,40.31,35.410000000000004
40.92,25.65,40.31,35.410000000000004
40.31,25.65,40.31,35.410000000000004
40.92,26.259999999999998,40.92,36.02
40.31,25.65,40.31,35.410000000000004
40.31,25.65,40.31,35.410000000000004
40.92,26.259999999999998,40.92,35.410000000000004
40.31,25.65,40.31,35.410000000000004
40.31,26.259999999999998,40.31,36.02
40.31,26.259999999999998,40.92,35.410000000000004
39.69999999999999,25.65,40.31,34.800000000000004
40.31,25.65,40.31,35.410000000000004
40.31,26.259999999999998,40.31,35.410000000000004
40.31,26.259999999999998,40.31,34.800000000000004
40.31,26.259999999999998,40.31,35.410000000000004
40.31,26.259999999999998,40.92,35.410000000000004
39.69999999999999,25.65,40.31,35.410000000000004
40.31,26.259999999999998,40.31,35.410000000000004
40.31,26.259999999999998,40.92,36.02
40.31,26.870000000000005,40.92,36.02
39.69999999999999,26.259999999999998,40.92,35.410000000000004
40.31,26.259999999999998,40.92,35.410000000000004
37.25,25.03,39.7,31.75
34.19999999999999,24.42,36.64,27.480000000000004
31.75999999999999,23.810000000000002,35.42,25.64
30.539999999999992,24.42,35.42,26.25
29.929999999999993,23.810000000000002,35.42,26.25
29.929999999999993,24.42,37.25,27.480000000000004
30.539999999999992,24.42,37.870000000000005,28.700000000000003
30.539999999999992,23.810000000000002,39.09,29.92
30.539999999999992,23.810000000000002,39.7,31.14
31.14999999999999,23.810000000000002,40.92,31.75
30.539999999999992,23.810000000000002,41.53,32.36
29.929999999999993,23.810000000000002,41.53,33.58
29.319999999999993,23.810000000000002,41.53,34.190000000000005
29.319999999999993,23.200000000000003,40.92,34.800000000000004
28.69999999999999,22.590000000000003,40.92,34.800000000000004
28.08999999999999,22.590000000000003,40.31,34.800000000000004
26.86999999999999,21.370000000000005,39.7,34.190000000000005
26.25999999999999,21.370000000000005,39.7,34.190000000000005
25.64999999999999,21.370000000000005,39.09,34.190000000000005
24.429999999999993,21.370000000000005,38.480000000000004,32.97
22.599999999999994,20.759999999999998,37.870000000000005,32.97
21.989999999999995,20.759999999999998,37.25,32.36
20.769999999999996,19.54,36.64,31.75
19.539999999999992,19.54,35.42,31.75
18.929999999999993,18.32,34.81,30.53
18.319999999999993,18.32,34.2,29.92
17.099999999999994,17.71,32.980000000000004,28.700000000000003
16.489999999999995,17.71,32.980000000000004,28.700000000000003
15.269999999999996,17.71,32.370000000000005,28.090000000000003
14.659999999999997,16.490000000000002,31.760000000000005,27.480000000000004
14.659999999999997,16.490000000000002,31.150000000000006,26.86
14.049999999999997,16.490000000000002,31.150000000000006,25.64
13.439999999999998,16.490000000000002,30.540000000000006,25.64
12.219999999999999,15.870000000000005,29.930000000000007,25.03
12.219999999999999,15.870000000000005,29.930000000000007,25.03
11.61,15.870000000000005,29.320000000000007,24.42
11.61,15.259999999999998,29.320000000000007,23.810000000000002
11.0,14.649999999999999,29.320000000000007,23.200000000000003
11.0,14.649999999999999,29.320000000000007,22.590000000000003
11.0,14.649999999999999,29.320000000000007,22.590000000000003
11.0,14.04,28.090000000000003,21.980000000000004
11.0,14.04,29.320000000000007,21.980000000000004
10.39,14.04,28.710000000000008,21.980000000000004
10.39,13.43,28.710000000000008,21.980000000000004
9.769999999999996,12.82,28.710000000000008,21.370000000000005
10.39,13.43,29.320000000000007,21.370000000000005
10.39,12.82,29.320000000000007,20.760000000000005
10.39,13.43,28.710000000000008,21.370000000000005
10.39,13.43,29.320000000000007,20.760000000000005
10.39,12.82,29.320000000000007,21.370000000000005
11.0,12.82,29.930000000000007,20.760000000000005
10.39,12.21,28.710000000000008,20.150000000000006
11.0,12.21,29.320000000000007,20.150000000000006
11.0,12.21,29.930000000000007,20.760000000000005
11.0,12.82,29.930000000000007,21.370000000000005
11.61,12.21,30.540000000000006,21.370000000000005
11.0,12.21,30.540000000000006,21.370000000000005
11.0,11.600000000000001,29.930000000000007,21.370000000000005
11.0,11.600000000000001,31.150000000000006,20.760000000000005
11.61,11.600000000000001,31.150000000000006,21.370000000000005
11.61,11.600000000000001,31.150000000000006,21.370000000000005
12.219999999999999,10.990000000000002,31.760000000000005,21.370000000000005
12.219999999999999,11.600000000000001,31.760000000000005,21.370000000000005
12.219999999999999,10.990000000000002,31.760000000000005,21.980000000000004
12.219999999999999,10.990000000000002,32.370000000000005,21.370000000000005
12.829999999999998,10.990000000000002,32.370000000000005,21.980000000000004
12.829999999999998,10.990000000000002,32.370000000000005,21.980000000000004
13.439999999999998,10.380000000000003,32.370000000000005,21.980000000000004
13.439999999999998,10.380000000000003,32.370000000000005,21.980000000000004
13.439999999999998,10.380000000000003,32.980000000000004,22.590000000000003
14.049999999999997,10.380000000000003,32.980000000000004,22.590000000000003
14.049999999999997,10.990000000000002,32.980000000000004,22.590000000000003
14.049999999999997,10.380000000000003,33.59,23.200000000000003
14.049999999999997,10.380000000000003,33.59,23.200000000000003
14.049999999999997,10.380000000000003,33.59,23.200000000000003
14.049999999999997,9.770000000000003,33.59,22.590000000000003
14.659999999999997,9.770000000000003,33.59,23.810000000000002
15.269999999999996,10.380000000000003,33.59,23.810000000000002
14.659999999999997,10.380000000000003,33.59,23.810000000000002
15.269999999999996,9.770000000000003,33.59,23.810000000000002
15.269999999999996,9.770000000000003,34.2,24.42
15.269999999999996,9.770000000000003,33.59,24.42
15.269999999999996,9.770000000000003,34.2,24.42
15.879999999999995,9.160000000000004,34.2,24.42
15.879999999999995,9.160000000000004,34.81,24.42
15.879999999999995,9.160000000000004,34.2,25.03
15.879999999999995,9.160000000000004,34.2,25.03
15.879999999999995,9.160000000000004,34.2,25.03
16.489999999999995,9.160000000000004,34.2,25.03
16.489999999999995,8.550000000000004,34.2,25.03
15.879999999999995,9.160000000000004,34.2,25.03
15.879999999999995,8.550000000000004,34.2,25.64
15.879999999999995,8.550000000000004,34.2,26.25
16.489999999999995,8.550000000000004,34.2,25.64
16.489999999999995,8.550000000000004,34.81,25.64
17.099999999999994,9.160000000000004,34.81,26.25
16.489999999999995,8.550000000000004,34.81,26.25
17.099999999999994,9.160000000000004,35.42,26.25
17.099999999999994,8.550000000000004,34.81,26.25
17.099999999999994,8.550000000000004,34.81,26.86
17.099999999999994,7.939999999999998,35.42,25.64
17.099999999999994,7.939999999999998,34.81,26.25
17.099999999999994,8.550000000000004,34.81,26.25
17.099999999999994,8.550000000000004,34.81,26.86
17.099999999999994,8.550000000000004,34.81,26.86
17.709999999999994,7.939999999999998,34.81,26.86
17.709999999999994,8.550000000000004,34.81,26.86
17.709999999999994,8.550000000000004,34.81,26.25
17.709999999999994,8.550000000000004,35.42,26.86
18.319999999999993,8.550000000000004,35.42,26.86
17.709999999999994,8.550000000000004,35.42,26.86
17.099999999999994,7.939999999999998,35.42,26.86
17.709999999999994,8.550000000000004,36.03,27.480000000000004
17.709999999999994,7.939999999999998,35.42,26.86
17.709999999999994,7.939999999999998,36.03,26.86
17.099999999999994,7.939999999999998,35.42,26.86
17.099999999999994,7.939999999999998,35.42,26.86
17.099999999999994,7.939999999999998,35.42,27.480000000000004
17.099999999999994,7.939999999999998,35.42,26.86
17.099999999999994,7.939999999999998,35.42,26.25
17.099999999999994,7.939999999999998,35.42,26.86
17.099999999999994,7.939999999999998,35.42,26.86
17.099999999999994,7.939999999999998,35.42,26.86
16.489999999999995,7.329999999999998,35.42,26.86
16.489999999999995,7.939999999999998,35.42,26.86
16.489999999999995,7.329999999999998,34.81,26.25
17.099999999999994,7.939999999999998,34.81,26.25
16.489999999999995,7.329999999999998,34.81,26.25
15.879999999999995,7.329999999999998,34.81,26.25
15.879999999999995,7.329999999999998,34.81,26.25
15.269999999999996,7.939999999999998,34.2,26.25
15.879999999999995,7.329999999999998,34.2,25.64
15.269999999999996,7.329999999999998,34.81,25.64
14.659999999999997,7.329999999999998,33.59,25.03
14.049999999999997,6.719999999999999,33.59,25.03
14.659999999999997,7.329999999999998,33.59,25.64
14.049999999999997,7.329999999999998,33.59,25.03
14.049999999999997,7.329999999999998,33.59,25.03
13.439999999999998,7.329999999999998,32.980000000000004,25.03
12.829999999999998,6.100000000000001,32.980000000000004,23.810000000000002
12.829999999999998,7.329999999999998,32.980000000000004,24.42
12.829999999999998,7.329999999999998,32.980000000000004,23.810000000000002
12.219999999999999,6.719999999999999,32.370000000000005,23.810000000000002
11.61,6.719999999999999,31.760000000000005,23.810000000000002
11.61,6.719999999999999,31.760000000000005,23.200000000000003
11.61,6.719999999999999,31.760000000000005,23.200000000000003
11.61,6.719999999999999,31.150000000000006,22.590000000000003
11.0,6.100000000000001,31.150000000000006,22.590000000000003
10.39,6.100000000000001,30.540000000000006,22.590000000000003
10.39,6.100000000000001,30.540000000000006,21.980000000000004
9.769999999999996,6.100000000000001,29.930000000000007,21.980000000000004
9.769999999999996,5.490000000000002,29.320000000000007,21.370000000000005
9.159999999999997,5.490000000000002,28.710000000000008,20.760000000000005
9.159999999999997,5.490000000000002,28.090000000000003,20.150000000000006
8.549999999999997,5.490000000000002,28.710000000000008,20.150000000000006
8.549999999999997,4.880000000000003,27.480000000000004,18.930000000000007
7.939999999999998,6.100000000000001,27.480000000000004,19.540000000000006
7.329999999999998,4.880000000000003,26.870000000000005,18.930000000000007
6.719999999999999,4.880000000000003,26.260000000000005,18.930000000000007
6.719999999999999,5.490000000000002,26.260000000000005,18.320000000000007
6.109999999999999,4.880000000000003,26.260000000000005,17.700000000000003
6.109999999999999,5.490000000000002,25.650000000000006,17.700000000000003
5.5,4.880000000000003,25.650000000000006,16.480000000000004
4.890000000000001,4.880000000000003,25.040000000000006,16.480000000000004
4.890000000000001,4.880000000000003,24.430000000000007,15.870000000000005
4.890000000000001,4.270000000000003,23.820000000000007,15.260000000000005
4.280000000000001,4.270000000000003,23.210000000000008,14.650000000000006
3.6700000000000017,4.880000000000003,23.210000000000008,14.650000000000006
3.6700000000000017,4.880000000000003,22.60000000000001,14.040000000000006
3.0600000000000023,4.270000000000003,21.99000000000001,14.040000000000006
3.0600000000000023,4.270000000000003,21.38000000000001,12.820000000000007
2.4499999999999886,4.270000000000003,20.77000000000001,12.210000000000008
1.8399999999999892,3.6599999999999966,20.159999999999997,11.600000000000009
1.8399999999999892,3.6599999999999966,20.159999999999997,11.600000000000009
1.2299999999999898,3.6599999999999966,19.549999999999997,10.990000000000009
0.6099999999999994,3.6599999999999966,18.320000000000007,10.38000000000001
1.2299999999999898,3.6599999999999966,18.320000000000007,9.159999999999997
0.6099999999999994,3.049999999999997,17.710000000000008,9.159999999999997
0.0,3.6599999999999966,17.710000000000008,8.549999999999997
0.0,3.6599999999999966,17.10000000000001,7.930000000000007
0.0,3.049999999999997,16.49000000000001,7.320000000000007
-1.2199999999999989,3.6599999999999966,15.88000000000001,6.710000000000008
-0.6100000000000136,3.049999999999997,15.88000000000001,6.710000000000008
-1.8300000000000125,2.4399999999999977,14.659999999999997,5.490000000000009
-1.2199999999999989,2.4399999999999977,14.659999999999997,5.490000000000009
-1.8300000000000125,2.4399999999999977,14.049999999999997,4.88000000000001
-2.4399999999999977,2.4399999999999977,13.439999999999998,4.269999999999996
-2.4399999999999977,1.8299999999999983,13.439999999999998,3.6599999999999966
-2.4399999999999977,2.4399999999999977,13.439999999999998,3.049999999999997
-2.4399999999999977,2.4399999999999977,12.219999999999999,3.049999999999997
-2.4399999999999977,1.8299999999999983,12.219999999999999,2.4399999999999977
-3.0500000000000114,1.8299999999999983,12.219999999999999,1.8299999999999983
-3.0500000000000114,1.8299999999999983,11.61,1.8299999999999983
-3.6599999999999966,1.2199999999999989,11.0,1.2199999999999989
-3.6599999999999966,1.8299999999999983,11.0,0.6099999999999994
-3.6599999999999966,1.2199999999999989,10.39,0.0
-3.6599999999999966,1.8299999999999983,10.39,0.0
-3.6599999999999966,1.2199999999999989,9.780000000000001,-0.6099999999999994
-3.6599999999999966,1.2199999999999989,9.780000000000001,-0.6099999999999994
-3.6599999999999966,0.6099999999999994,9.780000000000001,-1.230000000000004
-4.8799999999999955,0.6099999999999994,9.159999999999997,-1.8400000000000034
-4.27000000000001,1.2199999999999989,9.159999999999997,-1.8400000000000034
-4.27000000000001,0.6099999999999994,9.159999999999997,-1.8400000000000034
-4.8799999999999955,0.0,8.549999999999997,-2.450000000000003
-4.27000000000001,0.0,8.549999999999997,-3.0600000000000023
-4.27000000000001,0.6099999999999994,7.939999999999998,-3.0600000000000023
-4.8799999999999955,0.0,7.939999999999998,-4.280000000000001
-5.490000000000009,-0.6099999999999994,7.939999999999998,-3.6700000000000017
-4.8799999999999955,-0.6099999999999994,7.939999999999998,-4.280000000000001
-5.490000000000009,0.0,7.939999999999998,-4.280000000000001
-4.8799999999999955,-0.6099999999999994,7.939999999999998,-4.280000000000001
-4.8799999999999955,-0.6099999999999994,7.329999999999998,-4.280000000000001
-4.8799999999999955,-0.6099999999999994,7.329999999999998,-4.890000000000001
-5.490000000000009,0.0,7.939999999999998,-4.890000000000001
-5.490000000000009,0.0,6.719999999999999,-4.890000000000001
-5.490000000000009,-1.2199999999999989,7.329999999999998,-5.5
-5.490000000000009,-0.6099999999999994,7.329999999999998,-4.890000000000001
-5.490000000000009,-1.2199999999999989,6.719999999999999,-5.5
-6.099999999999994,-1.8299999999999983,6.109999999999999,-5.5
-5.490000000000009,-0.6099999999999994,6.719999999999999,-5.5
-5.490000000000009,-0.6099999999999994,6.719999999999999,-5.5
-6.099999999999994,-1.2199999999999989,6.719999999999999,-6.109999999999999
-6.099999999999994,-1.2199999999999989,6.109999999999999,-5.5
-5.490000000000009,-1.8299999999999983,6.109999999999999,-6.109999999999999
-6.099999999999994,-1.8299999999999983,6.109999999999999,-6.109999999999999
-5.490000000000009,-1.2199999999999989,6.719999999999999,-6.109999999999999
-4.8799999999999955,-1.2199999999999989,6.109999999999999,-6.109999999999999
-5.490000000000009,-1.2199999999999989,6.719999999999999,-6.109999999999999
-5.490000000000009,-1.2199999999999989,6.109999999999999,-6.109999999999999
-4.8799999999999955,-1.2199999999999989,6.719999999999999,-6.109999999999999
-5.490000000000009,-1.8299999999999983,6.109999999999999,-6.109999999999999
-5.490000000000009,-1.2199999999999989,6.109999999999999,-6.109999999999999
-5.490000000000009,-1.8299999999999983,6.719999999999999,-6.109999999999999
-4.8799999999999955,-1.2199999999999989,6.719999999999999,-6.109999999999999
-4.8799999999999955,-2.4399999999999977,6.109999999999999,-6.109999999999999
-5.490000000000009,-1.2199999999999989,6.109999999999999,-6.109999999999999
-5.490000000000009,-1.8299999999999983,6.109999999999999,-6.719999999999999
-4.8799999999999955,-2.4399999999999977,6.109999999999999,-6.719999999999999
-4.8799999999999955,-1.8299999999999983,6.109999999999999,-6.109999999999999
-4.8799999999999955,-1.8299999999999983,6.109999999999999,-6.109999999999999
-4.8799999999999955,-2.4399999999999977,6.109999999999999,-6.109999999999999
-5.490000000000009,-2.4399999999999977,6.109999999999999,-6.109999999999999
-5.490000000000009,-2.4399999999999977,6.109999999999999,-6.109999999999999
-4.8799999999999955,-2.4399999999999977,6.109999999999999,-6.109999999999999
-4.8799999999999955,-1.8299999999999983,6.109999999999999,-6.109999999999999
-4.8799999999999955,-2.4399999999999977,6.109999999999999,-6.109999999999999
-4.8799999999999955,-2.4399999999999977,6.109999999999999,-6.109999999999999
-4.8799999999999955,-3.0600000000000023,5.5,-6.109999999999999
-4.8799999999999955,-3.0600000000000023,6.109999999999999,-5.5
-4.8799999999999955,-3.0600000000000023,6.109999999999999,-6.109999999999999
-4.8799999999999955,-3.0600000000000023,6.109999999999999,-6.109999999999999
-4.27000000000001,-2.4399999999999977,6.109999999999999,-6.109999999999999
-4.8799999999999955,-3.0600000000000023,6.109999999999999,-5.5
-4.8799999999999955,-3.0600000000000023,6.109999999999999,-5.5
-4.8799999999999955,-3.0600000000000023,6.109999999999999,-5.5
-4.27000000000001,-3.0600000000000023,6.109999999999999,-5.5
-4.27000000000001,-3.0600000000000023,6.109999999999999,-5.5
-4.27000000000001,-3.6700000000000017,6.109999999999999,-5.5
-4.27000000000001,-3.6700000000000017,6.109999999999999,-5.5
-4.27000000000001,-4.280000000000001,6.109999999999999,-5.5
-4.27000000000001,-5.5,6.109999999999999,-5.5
-3.6599999999999966,-4.890000000000001,5.5,-6.109999999999999
-4.27000000000001,-5.5,6.109999999999999,-5.5
-3.6599999999999966,-4.890000000000001,6.109999999999999,-4.890000000000001
-3.6599999999999966,-5.5,6.109999999999999,-5.5
-3.6599999999999966,-4.890000000000001,6.109999999999999,-4.890000000000001
-3.6599999999999966,-5.5,6.109999999999999,-5.5
-3.6599999999999966,-6.109999999999999,6.109999999999999,-5.5
-3.0500000000000114,-5.5,6.719999999999999,-4.890000000000001
-3.6599999999999966,-6.109999999999999,6.719999999999999,-4.890000000000001
-3.6599999999999966,-5.5,6.109999999999999,-4.890000000000001
-3.6599999999999966,-6.109999999999999,6.109999999999999,-4.890000000000001
-3.6599999999999966,-6.109999999999999,6.109999999999999,-5.5
-3.0500000000000114,-6.109999999999999,6.109999999999999,-4.890000000000001
-2.4399999999999977,-6.109999999999999,6.719999999999999,-4.890000000000001
-3.0500000000000114,-6.109999999999999,6.109999999999999,-4.890000000000001
-3.0500000000000114,-6.719999999999999,6.109999999999999,-4.280000000000001
-3.0500000000000114,-6.109999999999999,6.719999999999999,-4.280000000000001
-3.0500000000000114,-6.109999999999999,6.109999999999999,-4.280000000000001
-3.0500000000000114,-6.719999999999999,6.109999999999999,-4.890000000000001
-2.4399999999999977,-6.719999999999999,6.719999999999999,-4.280000000000001
-2.4399999999999977,-6.719999999999999,6.719999999999999,-4.890000000000001
-3.0500000000000114,-6.719999999999999,6.109999999999999,-4.280000000000001
-3.0500000000000114,-6.719999999999999,6.109999999999999,-4.280000000000001
-2.4399999999999977,-7.329999999999998,6.109999999999999,-4.280000000000001
-2.4399999999999977,-6.719999999999999,6.719999999999999,-3.6700000000000017
-2.4399999999999977,-6.719999999999999,6.109999999999999,-3.6700000000000017
-2.4399999999999977,-7.329999999999998,6.719999999999999,-4.280000000000001
-2.4399999999999977,-6.719999999999999,6.719999999999999,-3.6700000000000017
-1.8300000000000125,-6.719999999999999,7.329999999999998,-3.6700000000000017
-1.8300000000000125,-7.329999999999998,6.719999999999999,-3.6700000000000017
-1.8300000000000125,-6.719999999999999,6.719999999999999,-3.0600000000000023
-1.2199999999999989,-6.719999999999999,6.719999999999999,-3.0600000000000023
-1.8300000000000125,-7.329999999999998,7.329999999999998,-3.6700000000000017
0.6099999999999994,-6.719999999999999,10.39,3.049999999999997
-85.49000000000001,-72.06,-52.50999999999999,-61.67999999999999
-86.1,-73.88999999999999,-53.72999999999999,-62.89999999999999
-87.32,-74.5,-53.72999999999999,-63.510000000000005
-87.93,-76.33000000000001,-54.94999999999999,-63.510000000000005
-88.53999999999999,-77.55000000000001,-54.94999999999999,-64.73
-89.15,-78.78,-54.94999999999999,-64.73
-89.15,-79.38999999999999,-55.56,-64.73
-89.15,-80.0,-54.34,-64.73
-89.75999999999999,-80.60999999999999,-54.94999999999999,-65.33999999999999
-89.75999999999999,-80.60999999999999,-54.34,-65.33999999999999
-89.75999999999999,-80.60999999999999,-54.94999999999999,-65.33999999999999
-89.75999999999999,-81.22,-54.34,-65.33999999999999
-89.75999999999999,-81.22,-54.34,-65.33999999999999
-89.15,-81.83000000000001,-54.34,-65.33999999999999
-89.75999999999999,-81.83000000000001,-53.72999999999999,-65.95
-89.15,-81.83000000000001,-53.72999999999999,-65.33999999999999
-88.53999999999999,-81.83000000000001,-53.120000000000005,-65.33999999999999
-88.53999999999999,-82.44,-52.50999999999999,-65.33999999999999
-87.93,-81.83000000000001,-52.50999999999999,-64.73
-87.32,-81.22,-51.900000000000006,-64.73
-86.71000000000001,-80.60999999999999,-50.68000000000001,-63.510000000000005
-85.49000000000001,-80.0,-50.68000000000001,-63.510000000000005
-84.27000000000001,-78.78,-49.46000000000001,-62.290000000000006
-83.65,-78.78,-48.849999999999994,-61.67999999999999
-82.43,-77.55000000000001,-48.24000000000001,-61.67999999999999
-81.21000000000001,-76.94,-47.629999999999995,-61.07000000000001
-79.38,-76.33000000000001,-46.400000000000006,-59.85000000000001
-77.55000000000001,-74.5,-45.18000000000001,-58.63000000000001
-75.72,-73.88999999999999,-44.56999999999999,-58.019999999999996
-73.88,-72.66999999999999,-42.74000000000001,-57.41000000000001
-72.05000000000001,-71.44999999999999,-41.52000000000001,-56.790000000000006
-69.61000000000001,-70.22999999999999,-39.69,-56.17999999999999
-67.78,-69.00999999999999,-37.859999999999985,-55.57000000000001
-65.95000000000002,-67.78,-36.02000000000001,-53.739999999999995
-64.72,-65.94999999999999,-34.19,-52.519999999999996
-63.5,-65.34,-32.97,-51.91000000000001
-62.28,-64.12,-31.75,-50.68999999999998
-61.06,-61.68000000000001,-29.919999999999987,-48.86
-59.84,-61.06999999999999,-28.079999999999984,-48.249999999999986
-59.23000000000002,-59.849999999999994,-26.859999999999985,-47.019999999999996
-57.400000000000006,-58.620000000000005,-24.419999999999987,-45.8
-56.18000000000001,-57.400000000000006,-21.97999999999999,-44.58
-56.18000000000001,-56.17999999999999,-20.150000000000006,-43.36
-54.95000000000002,-54.959999999999994,-17.700000000000003,-41.52999999999999
-54.34,-53.739999999999995,-15.86999999999999,-39.7
-53.120000000000005,-52.519999999999996,-14.039999999999992,-38.469999999999985
-52.50999999999999,-51.91,-11.599999999999994,-37.249999999999986
-52.50999999999999,-50.69,-10.379999999999995,-36.02999999999999
-51.28999999999999,-50.69,-9.149999999999991,-34.80999999999999
-50.06999999999999,-49.459999999999994,-8.539999999999992,-34.2
-50.06999999999999,-48.239999999999995,-6.709999999999994,-32.980000000000004
-50.06999999999999,-48.849999999999994,-6.099999999999994,-32.36999999999999
-48.849999999999994,-47.629999999999995,-4.269999999999996,-30.540000000000006
-48.24000000000001,-47.019999999999996,-3.6599999999999966,-29.929999999999993
-48.24000000000001,-46.41,-2.4399999999999977,-28.700000000000003
-48.24000000000001,-45.8,-1.8299999999999983,-28.700000000000003
-47.02000000000001,-46.41,-1.2199999999999989,-28.090000000000003
-46.41,-45.8,0.0,-26.86999999999999
-46.41,-45.19,0.6200000000000045,-26.86999999999999
-45.78999999999999,-44.58,2.450000000000003,-26.25999999999999
-45.18000000000001,-44.58,3.0600000000000023,-25.64999999999999
-45.18000000000001,-44.58,3.6700000000000017,-25.039999999999992
-45.18000000000001,-43.97,4.280000000000001,-24.429999999999993
-44.56999999999999,-43.36,4.890000000000001,-23.819999999999993
-44.56999999999999,-43.36,5.5,-23.209999999999994
-43.96000000000001,-43.36,5.5,-23.819999999999993
-43.349999999999994,-42.75,6.719999999999999,-21.989999999999995
-43.96000000000001,-43.36,7.329999999999998,-21.989999999999995
-43.96000000000001,-42.75,7.329999999999998,-21.989999999999995
-43.96000000000001,-42.75,8.549999999999997,-21.379999999999995
-44.56999999999999,-42.75,9.159999999999997,-21.379999999999995
-43.96000000000001,-43.97,8.549999999999997,-21.379999999999995
-43.349999999999994,-42.14,9.780000000000001,-20.769999999999996
-43.349999999999994,-42.75,9.780000000000001,-20.769999999999996
-43.349999999999994,-42.14,10.39,-20.159999999999997
-43.96000000000001,-42.75,11.0,-20.159999999999997
-43.349999999999994,-42.14,11.61,-19.539999999999992
-43.96000000000001,-42.75,11.61,-19.539999999999992
-44.56999999999999,-43.36,12.219999999999999,-18.929999999999993
-43.349999999999994,-42.75,12.219999999999999,-19.539999999999992
-43.96000000000001,-43.36,12.829999999999998,-18.929999999999993
-43.96000000000001,-43.36,12.829999999999998,-18.929999999999993
-44.56999999999999,-42.75,13.439999999999998,-18.929999999999993
-44.56999999999999,-43.36,13.439999999999998,-18.929999999999993
-44.56999999999999,-43.36,14.049999999999997,-18.929999999999993
-43.96000000000001,-42.75,14.049999999999997,-18.929999999999993
-44.56999999999999,-43.36,14.659999999999997,-18.929999999999993
-44.56999999999999,-43.36,14.659999999999997,-18.929999999999993
-45.18000000000001,-43.97,14.659999999999997,-18.319999999999993
-45.78999999999999,-43.36,14.659999999999997,-18.319999999999993
-45.18000000000001,-43.36,15.27000000000001,-18.319999999999993
-45.78999999999999,-43.97,15.27000000000001,-18.319999999999993
-45.18000000000001,-43.36,15.88000000000001,-17.709999999999994
-45.78999999999999,-43.36,15.88000000000001,-18.319999999999993
-45.78999999999999,-43.97,15.27000000000001,-18.319999999999993
-45.78999999999999,-45.19,15.88000000000001,-18.319999999999993
-45.78999999999999,-43.97,15.88000000000001,-17.709999999999994
-45.78999999999999,-44.58,15.88000000000001,-18.319999999999993
-45.78999999999999,-45.19,15.88000000000001,-18.319999999999993
-46.41,-45.19,15.88000000000001,-18.929999999999993
-46.41,-45.19,15.88000000000001,-18.319999999999993
-46.41,-44.58,16.49000000000001,-18.929999999999993
-46.41,-44.58,16.49000000000001,-18.319999999999993
-46.41,-44.58,16.49000000000001,-18.319999999999993
-47.02000000000001,-45.19,16.49000000000001,-18.319999999999993
-47.02000000000001,-45.19,16.49000000000001,-18.319999999999993
-47.629999999999995,-44.58,16.49000000000001,-18.319999999999993
-46.41,-45.19,16.49000000000001,-17.709999999999994
-46.41,-44.58,16.49000000000001,-17.709999999999994
-46.41,-44.58,16.49000000000001,-18.319999999999993
-47.629999999999995,-44.58,16.49000000000001,-17.709999999999994
-47.02000000000001,-45.19,17.10000000000001,-17.709999999999994
-47.629999999999995,-45.8,16.49000000000001,-17.709999999999994
-47.02000000000001,-45.19,16.49000000000001,-17.709999999999994
-47.629999999999995,-45.19,16.49000000000001,-18.319999999999993
-48.24000000000001,-44.58,16.49000000000001,-17.709999999999994
-47.629999999999995,-44.58,16.49000000000001,-17.099999999999994
-47.629999999999995,-45.8,16.49000000000001,-17.709999999999994
-47.629999999999995,-45.19,16.49000000000001,-17.099999999999994
-48.24000000000001,-45.19,17.10000000000001,-17.709999999999994
-48.24000000000001,-45.19,16.49000000000001,-17.709999999999994
-48.24000000000001,-44.58,16.49000000000001,-17.709999999999994
-48.849999999999994,-45.8,16.49000000000001,-17.099999999999994
-48.24000000000001,-45.19,16.49000000000001,-17.709999999999994
-48.849999999999994,-45.19,16.49000000000001,-17.099999999999994
-48.24000000000001,-44.58,16.49000000000001,-17.099999999999994
-49.46000000000001,-45.19,17.10000000000001,-17.099999999999994
-48.849999999999994,-45.19,17.710000000000008,-17.099999999999994
-48.849999999999994,-45.19,17.10000000000001,-16.489999999999995
-49.46000000000001,-45.19,17.710000000000008,-17.099999999999994
-49.46000000000001,-45.19,17.10000000000001,-16.489999999999995
-49.46000000000001,-45.19,17.10000000000001,-16.489999999999995
-49.46000000000001,-45.19,17.10000000000001,-16.489999999999995
-49.46000000000001,-45.19,17.710000000000008,-15.879999999999995
-50.06999999999999,-45.19,18.320000000000007,-15.879999999999995
-50.06999999999999,-44.58,17.710000000000008,-16.489999999999995
-50.06999999999999,-44.58,17.710000000000008,-16.489999999999995
-50.06999999999999,-45.19,17.710000000000008,-16.489999999999995
-49.46000000000001,-45.19,17.710000000000008,-16.489999999999995
-50.68000000000001,-44.58,17.10000000000001,-16.489999999999995
-50.68000000000001,-45.19,17.10000000000001,-16.489999999999995
-51.28999999999999,-45.19,17.710000000000008,-15.879999999999995
-50.06999999999999,-45.19,17.10000000000001,-16.489999999999995
-50.68000000000001,-44.58,17.710000000000008,-15.879999999999995
-50.68000000000001,-44.58,17.710000000000008,-15.269999999999996
-51.28999999999999,-45.19,17.10000000000001,-15.879999999999995
-50.68000000000001,-44.58,17.710000000000008,-15.879999999999995
-51.28999999999999,-45.19,17.10000000000001,-15.879999999999995
-51.28999999999999,-43.36,16.49000000000001,-15.879999999999995
-51.28999999999999,-42.75,17.10000000000001,-15.269999999999996
-51.900000000000006,-42.75,17.10000000000001,-15.269999999999996
-51.28999999999999,-42.75,17.10000000000001,-15.269999999999996
-51.900000000000006,-42.75,17.10000000000001,-15.269999999999996
-52.50999999999999,-42.75,17.10000000000001,-15.269999999999996
-53.120000000000005,-42.75,16.49000000000001,-15.879999999999995
-51.900000000000006,-42.75,17.10000000000001,-15.269999999999996
-52.50999999999999,-43.36,16.49000000000001,-15.269999999999996
-52.50999999999999,-42.75,17.10000000000001,-15.269999999999996
-52.50999999999999,-42.75,16.49000000000001,-15.269999999999996
-52.50999999999999,-42.14,17.10000000000001,-15.269999999999996
-52.50999999999999,-42.75,16.49000000000001,-15.879999999999995
-53.120000000000005,-42.75,15.88000000000001,-15.879999999999995
-53.120000000000005,-42.14,15.88000000000001,-15.269999999999996
-53.120000000000005,-42.14,16.49000000000001,-15.879999999999995
-53.120000000000005,-42.14,16.49000000000001,-15.269999999999996
-52.50999999999999,-42.75,16.49000000000001,-15.879999999999995
-53.120000000000005,-41.53,15.88000000000001,-15.269999999999996
-53.73000000000002,-42.14,15.88000000000001,-15.269999999999996
-53.120000000000005,-41.53,15.88000000000001,-15.269999999999996
-53.120000000000005,-41.53,15.88000000000001,-15.269999999999996
-53.120000000000005,-41.53,16.49000000000001,-15.269999999999996
-54.34,-41.53,15.27000000000001,-15.269999999999996
-53.73000000000002,-42.75,15.88000000000001,-15.269999999999996
-53.73000000000002,-41.53,15.88000000000001,-15.269999999999996
-53.73000000000002,-42.14,15.88000000000001,-15.269999999999996
-54.34,-42.14,15.88000000000001,-15.269999999999996
-54.34,-42.14,15.27000000000001,-14.659999999999997
-54.34,-42.75,15.27000000000001,-14.659999999999997
-54.34,-41.53,15.27000000000001,-14.659999999999997
-54.34,-41.53,15.27000000000001,-14.659999999999997
-54.95000000000002,-41.53,15.88000000000001,-14.659999999999997
-54.34,-41.53,15.27000000000001,-14.659999999999997
-54.34,-41.53,15.27000000000001,-14.659999999999997
-54.34,-41.53,15.27000000000001,-14.049999999999997
-54.95000000000002,-41.53,14.659999999999997,-14.659999999999997
-54.95000000000002,-41.53,15.27000000000001,-14.049999999999997
-54.95000000000002,-42.14,14.659999999999997,-14.659999999999997
-54.34,-41.53,14.659999999999997,-14.659999999999997
-54.34,-40.92,14.659999999999997,-14.659999999999997
-54.95000000000002,-40.92,14.049999999999997,-14.659999999999997
-54.95000000000002,-40.92,14.659999999999997,-14.049999999999997
-54.95000000000002,-40.92,14.049999999999997,-14.659999999999997
-54.34,-40.92,14.659999999999997,-14.049999999999997
-54.34,-40.92,14.049999999999997,-14.049999999999997
-54.34,-40.92,14.049999999999997,-14.659999999999997
-54.34,-40.31,14.049999999999997,-14.659999999999997
-55.56,-40.31,14.049999999999997,-14.049999999999997
-54.95000000000002,-40.31,14.049999999999997,-14.049999999999997
-54.95000000000002,-40.31,14.049999999999997,-14.049999999999997
-54.95000000000002,-40.31,13.439999999999998,-14.049999999999997
-54.95000000000002,-40.31,13.439999999999998,-14.049999999999997
-54.95000000000002,-40.31,13.439999999999998,-14.049999999999997
-54.95000000000002,-39.69,14.049999999999997,-14.049999999999997
-54.95000000000002,-40.31,13.439999999999998,-13.439999999999998
-54.95000000000002,-39.69,14.049999999999997,-13.439999999999998
-54.95000000000002,-39.69,13.439999999999998,-14.049999999999997
-54.95000000000002,-39.69,13.439999999999998,-14.049999999999997
-54.95000000000002,-39.69,13.439999999999998,-13.439999999999998
-54.95000000000002,-39.08,13.439999999999998,-14.049999999999997
-54.95000000000002,-39.08,13.439999999999998,-14.049999999999997
-54.95000000000002,-39.69,12.829999999999998,-13.439999999999998
-55.56,-39.69,12.829999999999998,-13.439999999999998
-54.95000000000002,-38.47,13.439999999999998,-13.439999999999998
-56.18000000000001,-39.69,12.829999999999998,-13.439999999999998
-54.95000000000002,-39.08,12.829999999999998,-13.439999999999998
-55.56,-39.08,12.829999999999998,-13.439999999999998
-54.95000000000002,-39.08,12.829999999999998,-14.049999999999997
-54.95000000000002,-38.47,12.829999999999998,-12.829999999999998
-55.56,-38.47,12.829999999999998,-13.439999999999998
-55.56,-38.47,12.829999999999998,-13.439999999999998
-55.56,-38.47,12.829999999999998,-13.439999999999998
-54.95000000000002,-38.47,12.219999999999999,-13.439999999999998
-54.95000000000002,-38.47,12.829999999999998,-13.439999999999998
-55.56,-38.47,12.219999999999999,-13.439999999999998
-54.95000000000002,-38.47,12.219999999999999,-12.829999999999998
-55.56,-37.86,12.219999999999999,-12.829999999999998
-54.95000000000002,-37.25,12.219999999999999,-12.829999999999998
-54.95000000000002,-37.86,12.829999999999998,-12.829999999999998
-54.95000000000002,-37.86,12.219999999999999,-12.829999999999998
-55.56,-37.86,12.219999999999999,-12.829999999999998
-55.56,-37.86,12.219999999999999,-12.829999999999998
-54.95000000000002,-37.25,12.219999999999999,-12.829999999999998
-54.95000000000002,-37.25,12.219999999999999,-12.829999999999998
-55.56,-36.64,12.219999999999999,-12.829999999999998
-55.56,-36.64,12.219999999999999,-12.829999999999998
-55.56,-36.64,12.829999999999998,-12.219999999999999
-55.56,-37.25,12.219999999999999,-12.829999999999998
-54.95000000000002,-36.64,12.219999999999999,-12.219999999999999
-55.56,-36.64,12.219999999999999,-12.219999999999999
-55.56,-36.64,12.219999999999999,-12.219999999999999
-55.56,-36.03,12.219999999999999,-12.219999999999999
-55.56,-36.64,12.219999999999999,-12.219999999999999
-55.56,-36.03,11.61,-12.219999999999999
-55.56,-36.64,12.219999999999999,-12.219999999999999
-54.95000000000002,-36.03,12.219999999999999,-12.219999999999999
-55.56,-36.03,12.219999999999999,-12.219999999999999
-55.56,-36.03,11.61,-11.61
-55.56,-35.42,11.61,-11.61
-55.56,-36.03,11.61,-11.61
-55.56,-36.03,11.61,-11.61
-55.56,-36.03,11.61,-12.219999999999999
-54.95000000000002,-35.42,12.219999999999999,-11.61
-54.95000000000002,-35.42,11.61,-11.61
-55.56,-35.42,12.219999999999999,-12.219999999999999
-54.95000000000002,-35.42,11.61,-11.61
-54.95000000000002,-34.81,11.61,-11.61
-54.95000000000002,-35.42,12.219999999999999,-11.61
-55.56,-34.81,12.219999999999999,-11.61
-55.56,-36.03,11.61,-12.219999999999999
-55.56,-35.42,12.219999999999999,-11.61
-55.56,-34.81,12.219999999999999,-11.61
-55.56,-34.81,12.219999999999999,-11.61
-55.56,-34.81,12.219999999999999,-11.61
-54.95000000000002,-34.2,12.219999999999999,-11.61
-55.56,-34.81,12.219999999999999,-11.61
-55.56,-34.2,12.219999999999999,-11.61
-54.95000000000002,-34.81,12.219999999999999,-11.61
-55.56,-34.2,11.61,-11.61
-54.95000000000002,-34.2,12.219999999999999,-11.61
-54.95000000000002,-34.2,12.829999999999998,-11.61
-55.56,-34.2,12.219999999999999,-11.61
-54.95000000000002,-34.2,12.219999999999999,-11.0
-55.56,-34.2,12.219999999999999,-11.0
-54.95000000000002,-33.59,12.219999999999999,-11.0
-55.56,-34.2,12.829999999999998,-11.0
-55.56,-34.81,12.219999999999999,-11.0
-54.95000000000002,-33.59,12.829999999999998,-10.39
-55.56,-33.59,12.219999999999999,-11.0
-54.95000000000002,-34.2,12.219999999999999,-11.0
-54.95000000000002,-34.2,12.219999999999999,-11.0
-54.95000000000002,-33.59,12.829999999999998,-11.0
-54.95000000000002,-33.59,11.61,-11.0
-54.95000000000002,-34.2,12.219999999999999,-10.39
-54.95000000000002,-32.980000000000004,12.829999999999998,-10.39
-54.95000000000002,-33.59,12.829999999999998,-10.39
-54.95000000000002,-32.980000000000004,12.219999999999999,-10.39
-54.95000000000002,-33.59,12.219999999999999,-10.39
-54.95000000000002,-33.59,11.61,-10.39
-54.95000000000002,-33.59,12.219999999999999,-10.39
-54.95000000000002,-32.980000000000004,12.219999999999999,-10.39
-54.95000000000002,-32.980000000000004,12.219999999999999,-9.769999999999996
-54.95000000000002,-32.980000000000004,12.219999999999999,-10.39
-55.56,-32.980000000000004,12.219999999999999,-10.39
-58.620000000000005,-35.42,12.829999999999998,-11.0
-61.06,-36.64,11.61,-12.219999999999999
-62.890000000000015,-37.25,11.0,-12.829999999999998
-63.5,-37.86,10.39,-12.829999999999998
-64.11000000000001,-38.47,10.39,-14.049999999999997
-64.72,-38.47,9.780000000000001,-14.659999999999997
-65.34,-38.47,9.159999999999997,-14.659999999999997
-66.56,-39.08,9.159999999999997,-14.659999999999997
-67.17000000000002,-39.08,7.939999999999998,-14.659999999999997
-67.78,-39.69,7.329999999999998,-15.879999999999995
-69.0,-39.69,6.719999999999999,-15.879999999999995
-69.61000000000001,-40.31,6.109999999999999,-15.879999999999995
-70.83000000000001,-40.31,4.890000000000001,-16.489999999999995
-71.44,-41.53,3.6700000000000017,-17.099999999999994
-73.27000000000001,-40.92,3.6700000000000017,-17.709999999999994
-73.88,-41.53,1.8400000000000034,-17.709999999999994
-74.5,-42.14,1.8400000000000034,-18.319999999999993
-75.72,-42.14,0.6200000000000045,-18.929999999999993
-76.94,-42.75,0.6200000000000045,-18.929999999999993
-78.16,-43.36,-1.2199999999999989,-19.539999999999992
-78.77000000000001,-43.36,-1.2199999999999989,-19.539999999999992
-79.38,-43.97,-1.8299999999999983,-20.159999999999997
-80.6,-44.58,-2.4399999999999977,-20.159999999999997
-81.21000000000001,-44.58,-3.049999999999997,-20.769999999999996
-81.21000000000001,-44.58,-3.049999999999997,-20.159999999999997
-82.43,-44.58,-3.6599999999999966,-20.769999999999996
-83.03999999999999,-45.19,-4.269999999999996,-21.379999999999995
-83.65,-45.19,-4.269999999999996,-21.379999999999995
-83.65,-45.8,-4.269999999999996,-21.379999999999995
-83.65,-45.19,-4.8799999999999955,-21.379999999999995
-84.27000000000001,-45.8,-5.489999999999995,-21.379999999999995
-84.27000000000001,-45.8,-4.8799999999999955,-21.379999999999995
-84.88,-46.41,-4.8799999999999955,-21.379999999999995
-84.27000000000001,-45.8,-4.8799999999999955,-21.379999999999995
-84.88,-46.41,-4.8799999999999955,-21.379999999999995
-84.88,-45.8,-4.8799999999999955,-21.379999999999995
-84.88,-46.41,-4.8799999999999955,-21.379999999999995
-84.88,-46.41,-4.8799999999999955,-21.989999999999995
-84.88,-45.8,-4.8799999999999955,-21.379999999999995
-84.88,-46.41,-3.6599999999999966,-20.159999999999997
-84.88,-46.41,-3.6599999999999966,-20.769999999999996
-84.88,-46.41,-3.6599999999999966,-20.769999999999996
-84.27000000000001,-45.8,-3.6599999999999966,-20.159999999999997
-84.27000000000001,-45.8,-3.6599999999999966,-20.159999999999997
-84.27000000000001,-46.41,-3.049999999999997,-20.159999999999997
-83.65,-45.8,-3.049999999999997,-20.159999999999997
-83.65,-46.41,-2.4399999999999977,-20.159999999999997
-83.03999999999999,-45.8,-2.4399999999999977,-19.539999999999992
-83.65,-45.8,-1.8299999999999983,-19.539999999999992
-82.43,-46.41,-1.8299999999999983,-19.539999999999992
-82.43,-45.8,-0.6099999999999994,-19.539999999999992
-81.82,-45.8,-0.6099999999999994,-19.539999999999992
-81.82,-45.8,0.0,-19.539999999999992
-81.82,-45.8,0.0,-18.929999999999993
-81.21000000000001,-45.19,0.6200000000000045,-18.319999999999993
-81.21000000000001,-45.19,0.6200000000000045,-17.709999999999994
-79.99000000000001,-45.19,1.230000000000004,-17.709999999999994
-80.6,-45.19,1.230000000000004,-17.709999999999994
-79.38,-45.19,1.8400000000000034,-17.709999999999994
-79.38,-45.19,1.8400000000000034,-17.099999999999994
-79.38,-44.58,2.450000000000003,-17.099999999999994
-79.38,-45.19,2.450000000000003,-17.709999999999994
-78.77000000000001,-44.58,3.0600000000000023,-17.099999999999994
-78.16,-44.58,3.0600000000000023,-17.099999999999994
-77.55000000000001,-45.19,3.6700000000000017,-17.099999999999994
-76.94,-43.97,4.280000000000001,-17.099999999999994
-76.94,-43.97,4.280000000000001,-17.099999999999994
-76.94,-44.58,4.890000000000001,-16.489999999999995
-76.33000000000001,-43.97,4.890000000000001,-17.099999999999994
-76.33000000000001,-43.97,4.890000000000001,-16.489999999999995
-75.72,-43.97,5.5,-16.489999999999995
-75.72,-43.97,5.5,-16.489999999999995
-75.11000000000001,-43.97,6.109999999999999,-16.489999999999995
-75.11000000000001,-43.97,6.719999999999999,-16.489999999999995
-74.5,-43.97,6.719999999999999,-15.879999999999995
-74.5,-43.36,6.719999999999999,-15.879999999999995
-73.88,-43.36,6.719999999999999,-15.879999999999995
-73.88,-43.36,7.329999999999998,-15.879999999999995
-73.27000000000001,-43.97,7.329999999999998,-16.489999999999995
-72.66,-43.97,7.939999999999998,-15.879999999999995
-73.88,-43.36,7.939999999999998,-16.489999999999995
-73.27000000000001,-43.36,7.939999999999998,-15.879999999999995
-72.66,-42.75,8.549999999999997,-15.879999999999995
-72.66,-42.75,8.549999999999997,-15.879999999999995
-72.05000000000001,-42.75,8.549999999999997,-15.879999999999995
-71.44,-42.75,9.159999999999997,-15.879999999999995
-71.44,-42.75,9.159999999999997,-39.08999999999999
-70.83000000000001,-42.75,9.159999999999997,-39.08999999999999
-70.83000000000001,-42.14,9.159999999999997,-37.86
-71.44,-43.36,9.780000000000001,-37.86
-71.44,-42.75,9.780000000000001,-37.249999999999986
-70.22,-42.75,10.39,-37.249999999999986
-70.83000000000001,-43.36,9.780000000000001,-37.249999999999986
-70.22,-42.75,11.0,-36.64
-70.22,-42.75,11.0,-36.02999999999999
-70.22,-42.75,11.0,-36.02999999999999
-69.61000000000001,-42.14,11.0,-35.42
-69.61000000000001,-42.75,11.61,-35.42
-69.61000000000001,-42.14,11.61,-35.42
-69.0,-42.14,11.61,-34.80999999999999
-69.61000000000001,-42.14,11.61,-34.80999999999999
-69.0,-42.75,11.61,-34.80999999999999
-69.0,-42.75,12.219999999999999,-34.2
-69.0,-42.14,12.219999999999999,-34.2
-69.0,-42.14,12.219999999999999,-33.58999999999999
-69.0,-42.75,11.61,-34.2
-69.0,-42.75,12.219999999999999,-32.980000000000004
-68.39000000000001,-42.75,12.219999999999999,-32.980000000000004
-68.39000000000001,-42.75,12.829999999999998,-32.980000000000004
-68.39000000000001,-42.75,12.829999999999998,-32.980000000000004
-69.0,-43.36,12.829999999999998,-32.36999999999999
-69.0,-42.75,12.829999999999998,-32.36999999999999
-68.39000000000001,-43.36,12.219999999999999,-32.36999999999999
-68.39000000000001,-42.14,12.829999999999998,-31.14999999999999
-69.0,-42.75,12.829999999999998,-31.14999999999999
-68.39000000000001,-42.75,12.829999999999998,-31.14999999999999
-68.39000000000001,-43.36,12.829999999999998,-31.14999999999999
-68.39000000000001,-43.36,12.829999999999998,-31.14999999999999
-68.39000000000001,-42.75,12.829999999999998,-30.540000000000006
-68.39000000000001,-42.75,13.439999999999998,-30.540000000000006
-69.0,-42.75,12.829999999999998,-30.540000000000006
-69.0,-43.36,12.829999999999998,-30.540000000000006
-69.0,-43.97,12.829999999999998,-30.540000000000006
-69.0,-43.36,12.829999999999998,-30.540000000000006
-69.0,-43.36,13.439999999999998,-30.540000000000006
-69.61000000000001,-43.36,13.439999999999998,-29.929999999999993
-69.0,-43.36,12.829999999999998,-29.929999999999993
-70.22,-43.97,12.219999999999999,-29.929999999999993
-69.61000000000001,-43.36,12.829999999999998,-29.319999999999993
-69.61000000000001,-43.97,12.829999999999998,-29.929999999999993
-69.61000000000001,-43.97,12.829999999999998,-29.929999999999993
-70.22,-43.97,12.219999999999999,-29.319999999999993
-70.83000000000001,-43.97,12.829999999999998,-29.319999999999993
-70.83000000000001,-44.58,12.219999999999999,-29.929999999999993
-70.83000000000001,-44.58,12.829999999999998,-29.929999999999993
-70.83000000000001,-43.97,12.219999999999999,-29.929999999999993
-71.44,-43.97,12.219999999999999,-29.929999999999993
-71.44,-44.58,12.219999999999999,-29.929999999999993
-72.05000000000001,-44.58,12.219999999999999,-29.929999999999993
-72.05000000000001,-44.58,11.61,-29.929999999999993
-72.66,-45.19,11.61,-30.540000000000006
-72.66,-44.58,11.61,-29.929999999999993
-73.27000000000001,-45.19,11.61,-29.929999999999993
-73.88,-45.19,11.61,-29.929999999999993
-73.27000000000001,-45.19,11.0,-30.540000000000006
-73.88,-45.8,11.0,-30.540000000000006
-74.5,-45.8,11.61,-30.540000000000006
-74.5,-45.8,11.0,-31.14999999999999
-75.72,-46.41,11.0,-31.14999999999999
-75.72,-46.41,10.39,-31.14999999999999
-76.33000000000001,-46.41,11.0,-31.14999999999999
-76.33000000000001,-47.019999999999996,10.39,-31.760000000000005
-76.94,-46.41,10.39,-31.760000000000005
-77.55000000000001,-46.41,10.39,-31.760000000000005
-78.16,-47.019999999999996,9.780000000000001,-31.760000000000005
-78.16,-47.019999999999996,9.780000000000001,-32.36999999999999
-78.77000000000001,-47.019999999999996,9.159999999999997,-31.760000000000005
-79.38,-47.629999999999995,9.159999999999997,-32.36999999999999
-79.38,-47.629999999999995,9.159999999999997,-32.36999999999999
-79.99000000000001,-47.629999999999995,9.159999999999997,-32.36999999999999
-80.6,-48.239999999999995,9.159999999999997,-32.980000000000004
-81.21000000000001,-47.629999999999995,8.549999999999997,-32.980000000000004
-81.82,-48.239999999999995,8.549999999999997,-33.58999999999999
-83.03999999999999,-48.239999999999995,7.939999999999998,-33.58999999999999
-83.03999999999999,-48.849999999999994,7.939999999999998,-34.2
-83.65,-48.849999999999994,7.329999999999998,-34.80999999999999
-84.27000000000001,-48.849999999999994,7.329999999999998,-34.80999999999999
-84.88,-49.459999999999994,6.719999999999999,-35.42
-85.49000000000001,-49.459999999999994,6.719999999999999,-35.42
-86.1,-49.459999999999994,6.719999999999999,-35.42
-86.71000000000001,-48.849999999999994,6.109999999999999,-35.42
-87.32,-49.459999999999994,6.109999999999999,-36.02999999999999
-87.32,-49.459999999999994,6.109999999999999,-36.64
-89.15,-50.08,5.5,-36.64
-89.15,-50.08,5.5,-36.64
-89.15,-50.08,5.5,-37.249999999999986
-89.15,-50.08,4.890000000000001,-37.86
-90.37,-50.69,4.890000000000001,-37.86
-90.98000000000002,-50.69,4.890000000000001,-39.08999999999999
-90.98000000000002,-51.3,4.280000000000001,-39.08999999999999
-91.59,-50.69,4.280000000000001,-39.08999999999999
-92.20000000000002,-51.91,3.6700000000000017,-39.7
-92.81,-51.3,3.0600000000000023,-40.30999999999999
-93.43,-51.3,3.0600000000000023,-41.52999999999999
-93.43,-51.91,2.450000000000003,-42.14
-94.03999999999999,-52.519999999999996,2.450000000000003,-42.14
-94.65,-51.91,2.450000000000003,-42.14
-95.25999999999999,-52.519999999999996,1.8400000000000034,-43.36
-95.25999999999999,-51.91,1.8400000000000034,-43.36
-95.25999999999999,-52.519999999999996,1.230000000000004,-44.58
-95.87,-52.519999999999996,1.230000000000004,-44.58
-96.48000000000002,-53.129999999999995,0.6200000000000045,-44.58
-97.09,-53.129999999999995,0.0,-45.8
-97.70000000000002,-52.519999999999996,0.0,-45.8
-97.70000000000002,-53.129999999999995,-0.6099999999999994,-46.41000000000001
-98.31,-53.739999999999995,-0.6099999999999994,-47.019999999999996
-98.31,-53.739999999999995,-0.6099999999999994,-47.019999999999996
-98.92000000000002,-53.739999999999995,-1.2199999999999989,-47.63000000000001
-98.92000000000002,-53.739999999999995,-1.2199999999999989,-48.249999999999986
-99.53,-54.349999999999994,-2.4399999999999977,-49.469999999999985
-99.53,-54.959999999999994,-1.8299999999999983,-50.08
-99.53,-54.349999999999994,-2.4399999999999977,-50.08
-99.53,-54.349999999999994,-2.4399999999999977,-50.68999999999998
-99.53,-55.56999999999999,-3.049999999999997,-51.3
-100.14000000000001,-54.959999999999994,-3.6599999999999966,-51.91000000000001
-100.14000000000001,-55.56999999999999,-3.6599999999999966,-52.519999999999996
-100.14000000000001,-55.56999999999999,-3.6599999999999966,-52.519999999999996
-100.14000000000001,-55.56999999999999,-4.269999999999996,-53.13000000000001
-100.75,-55.56999999999999,-4.269999999999996,-53.739999999999995
-100.75,-56.17999999999999,-4.8799999999999955,-54.35000000000001
-100.75,-56.17999999999999,-4.8799999999999955,-54.959999999999994
-101.36000000000001,-56.17999999999999,-5.489999999999995,-55.57000000000001
-100.75,-56.78999999999999,-5.489999999999995,-56.17999999999999
-101.36000000000001,-57.400000000000006,-6.709999999999994,-57.41000000000001
-101.36000000000001,-57.400000000000006,-6.709999999999994,-57.41000000000001
-101.36000000000001,-57.400000000000006,-6.709999999999994,-58.019999999999996
-101.97,-57.400000000000006,-7.319999999999993,-58.019999999999996
-101.36000000000001,-56.78999999999999,-7.319999999999993,-59.239999999999995
-101.36000000000001,-57.400000000000006,-7.319999999999993,-59.239999999999995
-101.97,-57.400000000000006,-7.929999999999993,-59.85000000000001
-101.97,-58.010000000000005,-7.929999999999993,-60.459999999999994
-101.97,-58.620000000000005,-8.539999999999992,-61.07000000000001
-101.97,-57.400000000000006,-8.539999999999992,-61.67999999999999
-101.97,-58.010000000000005,-8.539999999999992,-61.67999999999999
-101.97,-58.010000000000005,-9.149999999999991,-61.67999999999999
-101.36000000000001,-58.010000000000005,-9.769999999999996,-62.290000000000006
-101.97,-58.620000000000005,-10.379999999999995,-62.290000000000006
-101.97,-58.620000000000005,-10.379999999999995,-63.510000000000005
-102.58000000000001,-58.620000000000005,-10.989999999999995,-64.11999999999999
-101.36000000000001,-58.620000000000005,-10.989999999999995,-64.11999999999999
-101.97,-58.620000000000005,-10.989999999999995,-64.73
-101.97,-59.239999999999995,-10.989999999999995,-64.73
-101.97,-59.849999999999994,-11.599999999999994,-65.33999999999999
-101.97,-59.239999999999995,-12.209999999999994,-65.95
-101.97,-59.849999999999994,-11.599999999999994,-65.95
-102.58000000000001,-59.239999999999995,-12.819999999999993,-65.33999999999999
-102.58000000000001,-59.849999999999994,-12.819999999999993,-65.95
-101.97,-59.849999999999994,-13.429999999999993,-66.55999999999999
-102.58000000000001,-60.46000000000001,-13.429999999999993,-66.55999999999999
-101.97,-59.849999999999994,-13.429999999999993,-67.17999999999999
-101.97,-60.46000000000001,-13.429999999999993,-67.17999999999999
-101.97,-60.46000000000001,-14.039999999999992,-67.79
-102.58000000000001,-61.06999999999999,-14.649999999999991,-67.79
-101.97,-61.06999999999999,-15.259999999999991,-68.39999999999999
-101.97,-61.06999999999999,-14.649999999999991,-68.39999999999999
-101.97,-61.06999999999999,-14.649999999999991,-68.39999999999999
-101.97,-61.68000000000001,-15.259999999999991,-69.01
-101.97,-61.06999999999999,-15.259999999999991,-69.01
-101.97,-61.68000000000001,-15.86999999999999,-69.01
-101.97,-61.68000000000001,-15.86999999999999,-69.01
-101.97,-62.28999999999999,-15.86999999999999,-69.61999999999999
-101.97,-61.68000000000001,-15.86999999999999,-69.61999999999999
-101.97,-62.28999999999999,-15.86999999999999,-69.61999999999999
-101.97,-62.28999999999999,-17.090000000000003,-69.61999999999999
-101.36000000000001,-62.28999999999999,-17.090000000000003,-69.61999999999999
-101.97,-62.28999999999999,-17.090000000000003,-70.23
-101.97,-62.28999999999999,-17.090000000000003,-70.23
-101.36000000000001,-62.28999999999999,-17.090000000000003,-70.83999999999999
-101.36000000000001,-62.900000000000006,-17.700000000000003,-70.23
-101.36000000000001,-62.900000000000006,-17.700000000000003,-70.23
-101.36000000000001,-62.900000000000006,-17.700000000000003,-70.83999999999999
-101.97,-62.900000000000006,-17.700000000000003,-70.23
-101.97,-63.50999999999999,-18.310000000000002,-70.83999999999999
-101.36000000000001,-62.900000000000006,-18.310000000000002,-70.83999999999999
-101.36000000000001,-63.50999999999999,-18.310000000000002,-70.83999999999999
-101.36000000000001,-63.50999999999999,-18.310000000000002,-70.83999999999999
-101.97,-62.900000000000006,-18.310000000000002,-70.83999999999999
-101.36000000000001,-63.50999999999999,-18.929999999999993,-71.45
-101.36000000000001,-64.12,-18.929999999999993,-70.83999999999999
-101.36000000000001,-64.12,-18.310000000000002,-71.45
-101.36000000000001,-63.50999999999999,-18.929999999999993,-70.83999999999999
-100.75,-64.72999999999999,-18.929999999999993,-71.45
-100.75,-64.12,-18.929999999999993,-71.45
-100.75,-64.72999999999999,-20.150000000000006,-71.45
-100.75,-64.12,-19.539999999999992,-72.05999999999999
-100.75,-64.72999999999999,-19.539999999999992,-71.45
-100.75,-64.72999999999999,-19.539999999999992,-72.05999999999999
-100.14000000000001,-64.72999999999999,-19.539999999999992,-72.05999999999999
-101.36000000000001,-64.72999999999999,-19.539999999999992,-71.45
-100.14000000000001,-65.34,-20.150000000000006,-72.05999999999999
-100.75,-65.34,-20.150000000000006,-71.45
-100.75,-65.34,-20.75999999999999,-72.05999999999999
-100.14000000000001,-64.72999999999999,-19.539999999999992,-71.45
-100.75,-65.34,-20.150000000000006,-71.45
-100.14000000000001,-65.34,-19.539999999999992,-72.05999999999999
-100.14000000000001,-65.94999999999999,-20.150000000000006,-71.45
-100.14000000000001,-65.94999999999999,-20.150000000000006,-72.05999999999999
-100.14000000000001,-65.94999999999999,-19.539999999999992,-72.05999999999999
-100.14000000000001,-65.94999999999999,-20.75999999999999,-72.05999999999999
-99.53,-65.94999999999999,-19.539999999999992,-72.05999999999999
-100.14000000000001,-65.94999999999999,-20.150000000000006,-71.45
-99.53,-65.94999999999999,-19.539999999999992,-71.45
-100.75,-67.16999999999999,-20.150000000000006,-72.05999999999999
-100.14000000000001,-66.56,-20.150000000000006,-71.45
-97.09,-63.50999999999999,-16.47999999999999,-65.33999999999999
